x1,x2
2.052303819,1.580693694
1.647581084,3.933819401
-1.298582783,3.67267074
2.475012858,0.810698695
2.340742441,1.433813984
0.63426463,5.133562726
2.125261755,0.725640846
-1.537505707,1.866706974
-1.678774158,2.865177851
0.749229897,4.346763314
1.763661874,1.219664509
1.414186459,4.246233593
-1.672460587,2.707579085
2.34373482,1.306840525
2.258832687,0.58338487
1.917845427,3.629907797
-0.731942518,3.407247312
1.426927457,1.367470857
-1.21807359,4.166090793
0.341027579,4.788485682
-1.409985983,2.348282331
0.795470438,4.836079896
2.011603428,0.62068129
0.734645307,4.305072919
1.848365527,0.349201174
-0.029670081,4.59863913
0.502525781,4.426009055
1.950267252,1.423740398
1.850340252,0.670994944
0.992814954,3.876706697
0.938936089,4.433145548
0.650123279,4.043192671
0.711835152,4.390643254
1.225296281,4.290691209
2.286557002,3.930050738
0.988962881,4.60898321
1.777704349,0.811422501
2.163900864,0.074866798
0.402535752,4.084877305
-1.705308649,1.791758832
-1.975107455,3.611472979
-1.456922598,3.742218998
-0.996553389,3.313531235
-1.353414503,3.043897756
1.973568061,0.819511926
-0.208523374,4.735813478
-2.433255101,2.855573253
0.942632274,3.644589393
0.16310911,4.236376102
-2.393067679,2.73117618
1.543840001,0.322317658
0.778655587,3.724077069
1.118427338,4.511487641
1.638449454,4.217686931
0.497696342,3.629575168
0.981520089,5.196722574
1.68185611,4.696689241
1.864399978,0.821266428
2.968631757,0.169581436
2.81715312,0.86902306
0.134011451,4.707069211
-0.505635896,2.458151669
1.540567111,4.551787801
-1.818929287,2.864660995
1.083010103,3.699500501
-1.413318037,2.391017697
-2.080450101,3.304361692
0.79167916,4.184097739
0.264239624,4.057127386
1.69294633,4.512986333
2.417642097,1.604968531
2.528036916,0.796971388
1.269392153,0.88373947
1.516958096,3.988099333
1.460642275,3.93860878
3.01238237,0.064685622
-2.44007681,3.483072372
-1.732429236,3.292532039
2.364844982,-0.039493088
-1.124601151,3.045298434
0.80543103,4.315932785
1.057279087,0.45455325
1.778201898,1.647409405
-1.450916414,2.806745896
-1.717918697,2.901575178
2.780191284,0.456940127
1.493475022,3.805681007
-1.598159212,2.753011079
1.287996883,4.749123168
1.920326955,1.53122913
-0.838326156,3.201840512
2.133802253,0.407434037
-1.882377548,2.944055688
1.742238385,0.232566454
1.845706417,4.800984523
1.635838517,3.862577918
1.141558457,4.778410564
2.593786258,0.785250379
-1.436642017,2.517574566
1.019561669,5.01341485
1.206062531,4.443816257
-1.664916884,1.742305853
-2.052106621,3.045465536
-2.127463951,2.619674766
2.550428927,1.710879405
1.545970421,3.686374417
-1.232639005,3.46100052
2.196310221,0.728603388
1.4894979,0.749547833
0.507329963,4.520341304
1.794419259,1.286467301
-0.866915561,3.07343697
-1.481570731,3.004948522
1.174273435,3.757256573
2.210119316,0.226811188
1.763328114,0.232213019
1.395004848,1.147205798
-0.844140551,2.787063088
1.203161035,3.388917122
0.749368058,4.505419598
1.537464656,0.968497242
1.258274346,3.661511178
-1.265019833,2.989369427
-1.533031501,2.801071145
1.627116108,1.527601326
-1.879278269,3.285564709
-1.956007015,2.267483374
1.079905452,4.457653615
0.584955501,4.248592678
1.056600673,3.827464851
-1.854707567,3.046459366
-2.15114075,3.470180872
-0.856688854,3.088919681
-1.804076579,2.3334671
-1.458792623,2.388157548
0.409473666,4.802167149
-2.22759001,3.227827622
1.419515848,4.167721449
1.811721806,1.347147357
2.388062165,0.89947181
0.632351273,3.696748626
1.033844015,4.114213546
-1.048247811,3.041819895
0.878447322,0.395091444
0.931079075,4.987585947
0.953713427,4.343348189
2.06964564,1.174145585
0.809374598,4.293722776
-1.208770663,2.534057647
1.207201888,1.262755426
-0.777353423,2.262417158
2.543286284,0.119196694
2.212280367,1.084101664
2.456486977,1.042166606
1.274260351,1.400717193
2.465244075,1.42838114
2.00511667,0.545963614
0.654793802,4.378844941
-2.183101081,3.451018469
-1.42505586,2.921447857
2.009362006,1.223268664
0.956636083,3.829320922
1.884021426,0.397948652
0.782834655,4.048640958
1.141287636,5.416759493
0.389708376,5.27559792
2.76181029,1.651153839
0.166590087,4.048267096
1.586962558,4.207366413
2.584246302,1.200274339
1.999045643,1.346595747
0.6759413,5.079908917
1.321484591,4.702123382
1.888236047,1.351492972
2.330661828,1.195375238
1.342482083,4.116176127
2.24233652,1.552795962
2.306666008,0.287259229
2.208403766,1.397238585
0.63262056,4.245050054
1.692084605,0.811434362
1.500731156,0.993971715
1.201107125,1.712654782
1.414633465,3.390331638
2.260568417,1.138148585
1.942206287,1.860566529
2.106356685,1.150161021
2.945047064,0.882377438
-1.815108931,2.36423805
-1.302319517,2.852231308
1.862908595,1.178165104
1.684739755,0.927668193
-1.241781306,3.188149907
0.221439276,4.165091632
-1.20642979,3.381227874
2.277694241,0.895782251
-1.947730874,3.148192445
1.688359158,0.63144483
0.490068634,4.976897864
0.801378988,5.315523302
-1.780750581,2.847640529
-1.666523247,2.824066036
-2.690706035,1.695268516
1.41077325,4.39587796
-2.536513869,1.699150032
1.948019968,1.729183139
2.003886179,0.806506532
-1.929648586,3.826711606
2.052846691,1.771497775
2.553521547,0.623594926
0.776545564,4.488815271
-2.005194018,3.216851864
3.009938834,1.729600222
-1.611857144,3.777277829
1.296335842,3.495309305
2.218455066,1.639227974
1.209353292,4.118666107
-1.528508452,2.766665683
-1.375733401,2.514764408
1.7970238,0.856000517
1.130435702,3.614745594
0.98238607,5.088417135
2.59044753,0.537662944
2.308602034,0.586550924
1.571801977,0.031797987
2.470082442,1.10435617
1.994121342,0.683809033
-1.309862506,2.879078279
-2.4573146,3.218019089
0.918882416,4.458162948
1.810895482,4.454781933
-1.028207482,3.20611608
-1.214680354,2.945162954
-1.922763657,2.626410564
-1.261709645,3.201865273
1.661233504,0.177347488
1.989957323,1.598008177
1.928801899,4.296398718
0.783947367,4.081869281
-1.222743047,2.99116287
-1.362527475,3.388175893
0.751886572,3.431693449
-1.694429929,2.843735976
-1.91973721,2.636756449
-2.120450249,3.247560841
-1.188699671,3.446489343
1.15229939,0.888002264
-1.886008869,2.601194247
2.401159786,1.179857764
1.125626909,4.759110164
1.354140223,4.034221009
-2.002726764,2.964632607
1.259542736,4.37693955
2.12518082,1.767092264
-2.856914972,2.442425844
1.852531293,1.114633144
0.909419299,4.84265923
-1.908857239,2.150403211
2.240853798,0.402752385
0.459148658,4.644584587
-1.7791805,3.057921511
-2.153038922,2.987549033
1.697045443,0.644526893
2.305090999,0.288321745
-2.100727866,2.989372397
1.079615334,4.569308581
1.643460883,0.500310601
1.240792698,4.515101638
-1.890779855,2.911567706
2.29433002,0.851102264
1.240741888,4.426861222
2.984545616,0.392993166
2.087012762,0.786968411
-0.607813269,2.425840917
0.159952815,3.519903465
2.323022806,0.69787923
1.436974277,4.534194566
-1.890524954,3.343586597
-1.209761758,2.965383593
0.755808762,4.16360958
-1.142918263,2.74013641
1.283806798,0.696781789
-1.610528219,2.543732981
1.550705506,0.214887296
0.519858966,4.862295471
-1.04174302,2.430111142
2.642298448,1.163229347
-2.204196323,2.600460098
1.616176089,3.860804086
1.154453277,4.657073912
1.81474551,0.780316483
-0.966518276,3.424095813
1.883558589,0.474058571
0.985583764,4.830949815
2.106435445,0.785617476
0.549977155,4.315267205
1.672529303,4.822580161
1.194043158,4.004175189
2.118551922,1.294167195
2.207095758,1.414642153
1.915043631,0.307520857
-1.917693274,3.601623991
-1.705026988,3.268635826
1.990155938,0.802954696
-2.076112442,3.262742692
-1.070762999,3.53771151
1.495818299,4.543334939
-2.000926935,3.635445207
2.097893809,0.947374653
-1.456651746,2.49033988
2.632780739,1.232859504
-1.176725345,2.810245644
1.37655248,4.342917415
-1.520122404,2.982143175
-1.47562796,2.436077569
-1.295733356,2.982809456
2.166720431,-0.181014527
1.118665378,4.149098531
2.45422412,0.454223858
1.856903142,4.680835159
1.853763155,4.237293116
1.145799707,4.008971306
0.474108722,3.804691463
2.362258176,0.609436333
2.492133044,-0.27675505
2.032575839,0.87109449
-1.429370552,3.098383444
1.611815358,1.336815539
1.247926024,4.523308806
2.406159207,0.934306376
2.258596145,1.139399523
2.659043814,1.166353757
2.090771924,0.650897735
1.053743791,4.492868587
1.028723661,4.370743789
-0.712166402,2.86835991
2.156708044,1.52101123
1.456548691,4.416707567
-1.232388302,3.274061928
0.064141751,4.45558928
2.701590532,1.655104807
2.62356395,1.25192363
-0.793481428,2.640817828
-1.350604703,2.648939886
-0.827722418,3.962687489
0.290890087,4.736613789
1.850158175,1.588754604
-1.608535438,2.687711605
1.227434199,3.872653828
1.32832559,3.555947569
1.196786532,4.39318376
-1.54933363,3.470531571
0.556453855,3.61966478
0.983144322,3.381436746
0.148598059,4.380609558
0.250317314,4.494888721
0.528536798,4.497238576
0.864140611,4.152662462
1.179598622,4.904636255
2.099805623,0.833086919
-1.730889922,2.252480318
1.693024984,0.496204954
-1.054165921,2.237036721
2.486621238,0.573894647
-1.350557877,3.046061272
1.078813391,4.884554229
1.608494822,0.338400724
2.053785146,0.009141857
0.774675925,4.778490089
0.695427839,0.349362786
0.56752353,3.603113681
-2.468726813,2.937417515
-1.402293596,3.309961515
-1.26244089,3.125864225
-2.382946444,3.770675413
-1.894631854,2.761398998
-1.097157945,2.547104275
1.246331592,5.449020863
0.924663703,3.778092128
0.912149092,4.167901544
-2.289390285,3.005738718
-1.010125375,2.513558342
2.644977512,1.315981654
0.81298959,4.299682386
1.440819923,1.341860715
2.14384669,0.386077095
3.149576861,0.787777167
2.903940762,0.614362148
0.856621783,4.180390549
-1.260746163,2.517868368
1.534922736,4.044337225
-1.198672171,2.950807851
-1.502061405,2.116957885
-1.608613234,3.329660007
1.320066654,1.402877437
1.120830331,4.510222738
0.980078828,4.747219671
-1.820591546,3.580316397
1.361150772,-0.389937653
-1.011756199,3.693242562
0.476162405,3.531401779
-1.045424192,2.878018811
2.077824023,2.611432933
-1.304906225,2.682302702
1.315001163,4.329697522
-1.486681426,3.055131801
0.459948528,4.085413159
2.324486022,1.139334586
1.604231536,1.058163393
-1.811546848,3.212375453
-1.086385442,3.275486504
-0.946773978,2.795761713
1.216827642,5.683464884
2.081983742,0.666045732
0.552109817,4.140952593
1.605142187,3.260469838
1.683431434,0.818157534
1.090296741,4.404527301
1.083539096,1.151813253
-1.884836477,3.359580683
-2.286007366,3.477736124
1.629506229,1.108755964
2.488030117,1.534685929
-2.07063677,2.89211279
1.852714377,1.770305946
0.872127527,5.090972946
1.709559436,4.730063297
0.649627728,4.34304434
-1.045127411,2.551749847
0.55040548,5.215149128
0.480934613,3.802453034
0.87281824,4.743876783
1.880335984,4.522106565
-1.386392532,3.230186867
-2.199790647,2.896633206
1.551490084,1.181098346
2.210829744,0.358483115
1.159194473,4.952699961
1.253333868,3.968724379
1.927151172,1.326494615
2.810529887,0.611924452
-0.597228377,2.380124944
0.386691113,4.954501363
1.724255386,0.524205491
1.177582844,3.415843327
1.71439476,0.592130703
-1.177855892,3.344456344
1.212903042,0.647955279
1.081194818,3.683475028
-0.989102372,3.109583662
0.990151144,4.091016221
-1.147406103,3.194372268
-2.268114027,2.690609424
-1.561269402,2.802222611
1.890903675,1.229646198
1.010569692,4.167649277
-2.562665807,2.99350048
0.883743243,3.899963084
2.140206501,0.943076623
-0.039072155,5.336033758
1.840662873,1.58527637
1.438168359,4.23750332
1.387062935,4.306433651
-2.071967763,2.762548468
1.723512351,3.268794815
-1.187509366,3.494691277
0.956628669,3.719740579
-0.607771089,2.499846499
-1.116652981,3.163379848
-0.382090087,2.796604132
-1.019045314,3.465538981
1.385200994,4.422887423
1.842359588,1.9017383
-2.702559592,3.226468662
-0.847713069,2.948310454
-1.281897976,2.290362774
1.6666535,0.747661871
1.248037035,0.793363999
2.051798801,1.852608941
0.302063535,4.936278992
1.278338449,3.488995526
-1.306903594,3.155617314
-0.770184078,3.563917805
-2.367548238,2.842582934
-1.667061393,3.361211562
-1.567975993,2.155431325
-1.681571964,2.138563447
-1.344800063,3.924740935
2.627544289,0.888280132
-1.258386739,2.774464657
-1.139851849,3.398716708
-1.505706831,3.033276355
-1.404094548,1.93515176
-0.025837779,4.492225588
1.682755913,1.403793915
0.363552319,4.725968816
-2.002154911,3.299943869
1.846584801,4.1570448
1.637214719,1.063209871
-0.315128238,3.726812146
-2.078949368,1.948652784
1.439549229,4.582828268
2.607019405,0.610035663
2.490899656,1.227949064
2.087660391,1.370093661
0.581935451,4.851106515
2.066373854,1.16939038
0.527569615,4.960022511
1.552435861,4.843596623
-1.0506707,3.002986962
2.706858002,0.961931818
0.448955847,4.713911246
0.326926717,4.941825
1.349855865,0.980120025
-1.560591513,2.776177257
1.534911811,3.52183501
-0.673177268,2.055173072
2.896951162,1.518026779
-2.295622818,2.867195047
1.336104164,4.179577674
-1.829274411,2.21343678
1.084046605,4.587791007
1.668900852,4.152238201
2.676514478,0.290555019
1.820494342,0.872858331
-1.786832647,2.456160777
1.397085711,4.179058037
1.675519776,0.772285322
-1.13218746,3.898339133
-1.673983325,2.439726263
1.954226233,4.498833989
1.652618326,1.017040095
0.642413718,5.144748197
1.656416141,1.132349773
-1.872418775,2.664236537
1.073804927,3.4130059
2.087920324,0.510907259
-2.0566668,2.756900924
1.125389166,4.966980276
-1.018565453,2.752527723
-1.720291717,3.622768625
-1.919494276,2.164597156
-0.427847765,3.141048979
1.863599359,4.10721073
0.362959249,4.787510402
-1.314405256,2.528106558
2.737737021,0.462194215
3.006576621,0.509831606
1.153648925,4.612230605
1.553634643,0.984978449
1.966644213,0.7078866
0.748357405,5.016866703
2.587879876,1.076240491
1.491972808,0.42076145
-1.473340089,3.01194301
-1.185155104,2.919437471
1.443359953,3.608034693
1.784587727,0.943424633
1.596007983,1.810606536
-1.612997068,3.522574717
-2.48313838,3.289092446
-0.92201806,2.285482245
0.820493812,4.331869999
2.262224356,0.798023632
1.336261944,3.752334221
2.409697309,1.109072947
2.395122242,0.70474791
2.006186916,0.45435653
-2.326659575,3.330077227
1.65399143,4.104713263
0.003418537,3.84739558
0.924098333,3.809786356
0.898666555,0.739592872
-1.992587593,3.70146263
0.393695158,4.754200571
0.560177061,4.389956897
-1.580188479,2.951547327
-2.508711545,3.184416353
-1.785892202,1.711701411
1.323594991,0.682760905
0.952097767,3.999736699
-0.989974748,4.13722426
0.995585354,3.475429776
1.967584344,1.508455231
2.216370063,0.210266466
1.874431293,1.974523414
2.103507093,0.310253609
-1.113614279,3.677141108
0.646993595,4.046670344
-1.571425073,2.629184137
1.458638605,1.07279662
0.741253637,4.195421592
2.069352458,1.88685001
0.405319369,3.648302142
2.613762801,0.760885771
2.155159832,1.368337613
2.355570122,0.891038526
1.2094151,5.161203132
0.82587814,3.97348303
2.422064956,1.903595792
-1.229336372,3.034835745
-1.889490078,3.315752669
2.022209908,0.686414302
-2.404914496,2.186219539
2.643661003,0.751366556
-2.003834494,2.49307525
0.599417845,4.37263224
1.446728886,4.506389368
1.526099876,4.631419193
2.857430681,1.001698425
1.756909878,3.833652209
1.77015084,3.982158527
-1.13285783,2.768510825
2.666749902,0.732009342
-0.885413408,2.941058397
-2.647628497,2.737867395
1.207835243,4.44333521
0.640039855,4.124010747
2.34018968,1.268439185
-0.695288896,3.380815359
2.191322843,0.665811436
1.24757547,4.661756774
-0.856022418,2.865287484
-1.771876676,3.069524141
3.003358636,0.497770591
-1.747046313,2.945400557
-1.180532764,2.528315267
-2.109014685,3.046246981
1.890148575,0.480260078
1.768680342,4.627771223
-2.692137642,2.633980617
1.929439342,0.604212337
-1.412195009,3.1250852
2.430780174,0.448107191
-1.234084324,3.256926545
1.206667242,4.103294249
-1.223954839,2.272753021
2.524213207,0.471044418
0.455970464,4.145985766
0.826030686,4.126272962
0.317411407,4.574291437
2.335992476,0.267865576
-0.651444592,2.708681681
1.321084043,1.185903011
-1.35828254,2.987350497
-2.316133325,2.422500636
2.303714094,0.565142851
1.828490971,0.401849481
2.291662349,0.634117855
0.659109032,4.122416744
0.991543369,4.285345562
2.982890626,1.605491773
3.32932387,0.679701598
2.599040679,1.267315927
1.025132562,4.595264167
-1.240025914,2.429444941
2.340822432,0.625816645
-0.706009859,2.255235621
-1.606518785,3.496852526
2.06839083,0.84049608
-1.455023858,2.982992751
-1.952627213,2.748790627
-1.589121199,3.444468296
-1.134386986,3.03138358
2.390048692,1.399873256
-1.017161397,3.739286879
-0.952460671,3.057085525
2.157577968,0.554612749
-1.296796627,2.718298815
1.297927311,3.518475623
3.355603457,0.808353361
1.407087327,0.851151588
0.47325165,3.893012415
1.39876788,3.965990414
1.602499624,1.030183961
3.039132363,1.121505268
1.237900948,4.034995643
-1.591186811,3.34470075
-2.135056043,2.862991447
-1.416358562,2.504475495
-1.129683189,2.593074018
-1.050164233,3.316814231
2.131911756,1.244728014
-1.064848665,3.384712533
-1.915520793,2.253693071
0.47684568,3.933718932
0.742523492,3.872540678
0.736442172,4.613966477
2.672958717,0.775761761
0.440893768,4.831013191
2.917115659,1.254171775
-2.260402743,2.78549138
-1.635341119,2.555241238
1.369981562,1.052946015
2.316555499,4.20338307
1.431359533,4.462396435
-1.434242322,3.247112724
2.203157066,1.318958058
-1.068602577,2.637915115
1.362165354,4.715539404
-0.81118239,3.236175645
-0.976588306,3.130250169
0.968429023,4.384251412
1.4262972,5.204908442
1.981898419,4.281489614
2.062259789,0.608192484
2.254266683,1.016553477
0.425154983,4.291512616
0.791187996,3.824159631
1.792896544,0.205024868
1.673709624,1.656905123
0.135660971,3.859301648
1.191655646,4.228841532
-1.961955308,3.578991921
-1.49511863,2.750041062
0.156866425,3.937130924
2.43050879,0.515462645
2.500024298,1.668130148
-1.804165582,2.279937679
-1.394544286,3.433643552
1.456293949,4.095537786
2.257424693,1.149835448
-1.636613921,2.79774007
0.558342045,3.832740533
-1.080659511,3.355939644
-2.305966085,2.482949523
2.419658282,1.340414215
-1.043566327,3.037972086
-0.658520491,3.172209005
0.742847306,3.595334271
0.387455597,3.733689177
-1.209733893,3.453185289
1.591586057,1.341833091
2.040925903,1.739392634
2.008236296,1.096446268
2.001941185,0.651056466
-2.2333912,3.171597414
-1.612705785,3.433711789
2.666706245,-0.145591354
-2.642672833,2.867381003
1.717321674,0.691055146
-1.327150672,3.692537892
-1.535226941,2.988348597
2.130003401,1.291978326
0.767531404,3.755039
-1.398540962,2.46806836
1.585189225,0.69940179
0.904480323,4.112774603
2.239454199,5.188748022
2.808667886,0.701125462
1.096872061,4.867679143
2.108593669,1.6571653
2.221112694,0.814849268
2.562636369,1.61781548
2.299612817,0.843682688
-1.653512697,3.46701879
-1.618940133,2.826851706
-1.778951365,3.462425914
0.173900814,5.033144702
2.059544984,0.389155559
-2.147250654,2.97350159
-1.504143025,3.233923563
1.187560265,4.577527614
1.756808966,0.786184068
-1.406034869,2.845306352
1.309253652,3.036510096
-1.604343418,2.789006884
0.318316373,4.072995025
-1.787453751,3.859464335
1.113528257,3.858329786
0.652679363,4.539910902
-1.449535728,2.478951624
0.904926223,3.689969117
0.636473557,4.021628373
1.835086415,1.237736543
1.599383279,1.458617334
1.528044609,0.464846839
1.887227627,4.265962092
2.955498903,0.300111773
1.219045228,1.208701258
-1.389953218,2.81299697
-2.177123942,2.879712719
1.665127587,1.624681534
-1.513354525,4.407870347
1.14153645,4.231150099
0.691614052,4.438739505
-1.154151713,3.144896848
2.681268513,0.325317344
-1.528569736,2.869411483
-2.193974593,3.175608367
2.526424676,-0.104899053
-2.479941336,2.314571451
1.047173398,5.220505008
0.939710256,3.655097499
0.678113059,4.277503679
1.444492941,4.286239739
0.127217169,4.497427565
2.509861769,0.938023605
1.993442708,1.150148651
-1.913259375,2.335444587
-2.155452225,1.758569767
0.83517214,3.724685735
2.498414119,0.870034162
0.693521175,4.541803019
-2.180339835,3.677681688
1.505282118,0.69548755
-0.919600136,2.721503162
1.179477825,4.207198977
0.030089132,4.214880756
-1.330181798,3.061141397
2.130616593,1.245422816
0.708634996,4.316489932
0.87707063,4.350883478
3.495997878,0.600732702
1.262341234,1.413323212
-1.707396641,3.477946576
1.454029867,1.105713477
1.099594556,4.607783582
-1.61529537,1.818255239
-1.528182561,3.1817225
1.132803929,3.876739458
-1.611726684,2.687897499
1.130702158,1.602639729
1.954813755,0.958929319
-1.813486227,2.425659228
1.124636665,4.718780407
-1.802692357,2.648322544
-1.319278617,3.516317133
1.972537889,1.494284228
-1.438468272,2.580821172
1.407568084,2.975977781
1.42340371,1.730188363
-1.596672981,2.797413888
2.263794466,0.593729686
-2.437312113,2.99962952
3.261441392,0.669055284
2.147144269,0.514508834
1.945645446,0.674431264
1.74264456,0.529418074
0.945456877,4.250134689
2.254415565,0.269776219
1.277623907,4.006462443
1.088396189,3.464443146
0.821763594,3.465785424
-0.827289051,2.804820398
1.911201795,1.253556294
0.49222902,4.542321374
1.506122806,1.183970336
-1.933462525,2.615204972
2.011080959,1.031499107
-1.763799244,2.238222199
-1.782454688,3.25976528
2.52366513,1.2828291
-1.879074583,3.45523419
-1.591574448,2.964357229
1.158510703,5.039448306
-1.904525334,2.987463248
0.225071794,3.41495385
2.021294961,2.077777953
0.721443988,4.084750177
-2.154437961,2.911365382
-1.43845779,2.373874991
-1.609759286,3.379059805
-0.927810466,2.749557221
-0.841703942,1.956689205
-1.423839114,2.604618739
1.571703986,0.392390556
2.102973459,2.066368491
-2.169351804,2.637417108
1.638777105,4.406453609
0.701520805,3.754501964
3.455121346,0.734775498
0.924660653,4.509086578
1.699624644,1.461641972
1.114070416,5.021312021
-0.242512101,4.861249607
1.198201695,4.470624491
2.331004295,0.491405637
0.293890964,4.292852373
2.617378389,2.045104243
-1.212098268,3.238775458
1.810526312,1.279434393
-1.913203293,2.776069535
0.585086595,4.616346656
1.392595448,4.467320432
2.585625021,0.467599222
2.911629987,0.554015149
2.109591623,0.919728209
-2.482612329,3.33682802
2.109591084,1.231833153
-1.887436012,1.947441047
1.976614877,1.035783586
1.473043294,0.25840674
1.193674057,4.573834558
1.155381931,0.345318586
1.175793251,2.917490949
1.280348292,4.861268489
0.961342018,4.244701935
0.996811192,4.600520287
-0.94438459,3.27444242
1.145722141,5.314309108
0.412857174,3.938448451
-0.949944179,2.617424743
2.020339272,1.022720613
1.013563282,3.765237793
-1.741585195,3.751726851
2.058236929,0.373213474
2.560991467,0.445818195
-0.779277108,2.769083163
0.468857125,4.002621401
0.421531302,4.030028277
1.685682921,0.868300563
1.449839702,0.700796804
2.644182274,-0.254919768
2.808144141,0.599896723
2.366178285,0.496043922
1.098367169,-0.245086064
2.174608307,0.83955244
-1.402230545,3.192158151
2.153652566,1.382475525
2.739968598,0.884091195
2.259304846,0.082662334
2.114803062,0.291037495
-2.01785386,2.236343427
-1.641853985,3.262355353
-1.372042101,2.549154164
-1.917313832,3.280204605
-2.037617012,2.817425217
-1.13215024,2.99596979
1.325838155,4.154407527
1.212403496,0.956401154
-1.020766492,2.896793705
0.845447356,4.212664936
1.540711037,1.384203662
-1.330919462,3.200025826
2.595795493,1.683828819
-1.211715495,3.133423549
2.69699504,1.196636906
0.639261586,0.35595033
0.568632248,5.204394323
-1.64724759,3.227093116
-1.018890317,2.764445781
-1.542515746,2.851084617
-1.848701043,3.011069172
1.662033314,0.309427083
-0.771824303,2.108220592
2.501025181,1.289941327
0.546138853,4.467937975
0.985665974,4.006898604
0.18480088,4.608977017
-0.897929042,2.488548062
-2.085183451,2.633198259
0.490717793,4.46119593
-1.465133519,2.951348426
-1.475774021,2.783425315
1.546127859,0.570378592
1.61793626,0.555462882
2.52456009,0.388038085
0.946126312,4.442827851
1.442194266,4.473769819
-1.662534021,2.576098489
2.316309148,0.644133682
-0.523890813,3.069905595
-1.884376232,2.896156155
0.467249141,4.264859949
1.228963548,4.483411906
-0.84638309,3.628209642
1.198309827,1.100203797
-0.678268164,3.454132685
-0.662738057,2.442040484
2.625497358,0.30447266
2.524686843,1.121190736
2.056444154,0.146338478
-1.436151255,1.69817764
-1.909452597,1.924552124
-0.33606081,2.31338935
1.819977665,0.991148964
-2.234983383,3.623193033
1.116611112,1.441831265
0.669957209,3.892373165
1.072634577,4.652006664
1.0193585,5.399236334
-1.494875167,2.385992278
2.512209851,0.76871623
0.151661591,5.003068374
2.025198579,0.46457926
1.830748951,1.143149188
2.267718858,-0.043078239
0.783830174,4.350963122
-1.141461294,2.395473134
-1.132560471,2.986494648
2.215283487,1.937251992
1.900866067,0.997000145
0.586117875,4.439343726
1.851948036,0.858034797
2.438762747,0.384660034
2.418145194,2.229027017
-1.393851326,2.952661687
1.802229243,0.553440591
2.24835071,0.948097192
-1.472530799,4.130009694
2.167842466,4.776027071
-0.65843921,2.708965043
-1.611974346,3.032221447
1.662923816,0.729873338
1.075184162,4.352662729
0.876093339,3.446764269
-1.333743521,3.676216515
0.476104904,5.140780181
-0.81881117,2.749150262
-0.838802658,2.705322943
-0.78817262,2.780327899
1.342099542,4.27104314
2.249768592,0.727936499
0.577882425,5.077820728
1.594283692,1.784691829
1.9859444,1.359673829
0.840666409,3.645199933
0.99002493,5.419795522
-1.782327662,2.191067323
2.389963757,1.266967174
1.501444071,1.015152256
1.767299718,1.678212938
2.552218639,1.22579899
1.00205755,4.737425642
-0.852847419,2.990620475
-1.681694469,2.658080142
-0.35331604,4.60694709
2.181402912,2.040464251
0.569587949,3.570575164
-2.446687406,2.812167955
-1.75529121,3.223430234
-1.421335129,2.787556691
-0.763750647,3.629619778
-2.383986357,2.893061476
1.025603805,4.402377855
-1.080920222,3.149818644
1.359259563,1.193766501
2.224425291,1.621059697
-1.999852626,3.440186273
1.380860227,3.704740887
-0.648235362,3.264679916
0.511191827,4.214492781
1.740777168,1.432699916
2.324382105,4.266824994
1.525421849,4.234867738
1.071121385,5.155072404
-1.750399662,3.952619957
-0.847193884,3.265918284
1.926942454,0.878425331
1.204346596,4.124997811
2.302490243,1.278359244
1.742659686,5.038466712
2.546431013,1.416386058
2.644362204,0.287605081
1.687257858,4.531969009
-0.572462296,2.636109606
0.945451052,3.587419582
0.942149276,5.160458688
1.393900962,0.67352226
1.508319993,1.000562062
-1.255990492,2.570045483
-2.146291306,3.562598282
-1.114295652,2.243666461
-1.398268333,1.860916287
0.728218912,4.266384836
2.374279538,1.067675959
1.36943406,4.070577779
2.032967825,1.027730112
0.403269865,4.327320375
1.601534531,0.801461556
1.209064653,0.42455335
1.04724666,4.144123119
1.806161712,0.681956489
-2.609179724,3.490172856
1.204977882,3.821481321
2.06039643,1.798388264
-1.35963189,2.996830405
-1.594952866,2.065111058
-2.126662987,2.878364923
-1.751855066,2.267567278
-1.658372001,3.18226447
-1.048499736,3.057726796
2.202805413,0.348279432
1.549038945,1.522948576
1.729339271,0.010291252
0.310164251,3.319474983
-1.787867822,2.121784748
2.386270205,0.727226455
0.630245155,5.071975855
1.255919569,3.771939532
-2.130737231,2.645160466
-1.545357274,3.534914536
-1.91003683,3.650457705
1.166922012,0.430272147
-1.511357047,2.590571742
-1.098637116,3.731242649
1.909611653,4.682521492
-1.861689706,2.940567725
1.572235929,1.977670214
1.527287842,1.188129954
-1.46043538,1.832895048
1.464451864,0.73011801
-1.427466047,3.137869721
-1.47299587,2.831106037
-1.568727457,3.881159579
-2.187816631,2.999560671
-1.709977521,3.282929172
-1.41127366,2.211035563
-1.36059244,4.165879543
2.380309779,1.808133297
-1.27501428,3.873053512
1.675300388,0.66150204
2.173380266,0.521372518
-0.880198801,3.502421745
0.895160855,4.688502417
2.311548637,0.718105362
2.487328187,0.144432077
0.591312041,4.573411923
1.842630672,4.646037881
0.628106752,4.158588777
0.36983617,4.445672105
1.840655572,-0.233458158
1.119276342,4.793070976
2.078919771,1.017475617
1.900112097,0.950041182
-1.087201805,3.111513999
-2.024584021,3.567638467
0.114655953,5.202557021
-1.944163031,3.254317495
2.157426817,-0.06268914
-2.436109367,3.803710595
1.33103409,0.111265434
0.758693303,5.228419192
-1.802619722,2.742845747
1.858983892,0.351554689
-1.675614644,3.028050304
1.728886797,0.168193295
1.736267509,5.163581981
1.325498653,4.305672772
-0.794163828,2.828013058
1.216482327,3.819694295
1.68556987,0.709683677
1.312417457,4.507518246
0.761039123,4.878477019
-1.607849685,2.304502113
1.18517037,3.683679159
0.288677839,4.554283444
2.036968875,0.855552012
1.960494687,1.111677713
-1.641113821,3.246776452
1.723309615,4.201208196
-1.872765281,2.839842054
2.804125035,1.180297261
-1.22675732,3.472661393
2.460137887,1.437629269
-1.263209749,3.421234223
2.177895448,1.336416191
-1.907041766,3.485460227
1.887956718,0.457885111
1.61094488,0.829758739
-1.389293214,2.987775885
2.158876218,1.189448623
-1.290368644,3.799053821
-0.143531951,4.504536855
1.110782115,4.566246259
-1.781241639,3.182101644
2.357608537,1.73181919
2.149593594,3.664206774
1.254251418,4.750024271
0.646298726,4.410295911
2.167741546,0.733513107
1.096061458,4.118886744
-2.118041867,2.942402084
-1.824251503,2.939410698
-2.008397813,2.117404623
2.377219558,0.177167611
2.288062117,0.461584461
-1.540671133,2.737899507
1.64237784,0.942473589
0.123134983,5.279175025
0.773299215,4.66597158
1.956373796,0.47877553
1.418650934,1.663547871
-1.829612887,3.831889932
1.53958804,3.763821573
-1.896604486,2.66147622
1.010016207,4.31195637
0.506779292,4.812297823
0.417795302,4.286138958
-1.554105304,2.509502608
1.083752874,4.352396943
1.851039806,1.449940871
1.712719031,0.542903155
-1.152523237,4.246518786
1.509751033,0.834235723
2.081406997,0.717791372
-1.830029687,3.223411203
1.072876855,4.952458372
1.686674937,0.558498741
2.172999784,0.953817504
1.60656277,1.565781205
1.491489212,3.280125521
0.628986149,4.228970057
1.490737825,4.267643824
0.869170586,0.206791155
1.38352999,4.333250122
-1.514647397,3.9127288
0.748503827,4.312526907
-0.986994203,1.826448583
-2.324435333,2.790401157
0.76072191,4.590163011
1.464215822,0.539574631
-1.337473849,2.328573947
0.496017888,3.907228646
-0.113195682,3.988962114
0.703414092,3.361494405
1.40200676,0.410975676
-0.925520083,2.957845394
0.132155065,4.247554336
0.898380965,0.476377809
2.310704932,1.554740877
0.402464606,4.12473029
-1.927688761,3.44215544
2.811087196,1.750897784
1.526412248,4.952798314
2.461434316,1.170799593
-1.373321446,3.829078517
1.045497479,0.405559159
1.441474327,4.216129126
1.606554501,4.253590576
2.124799597,0.468828558
1.746596348,1.158410781
-1.621928413,2.711750321
0.265310143,5.302765367
1.080407568,4.792106846
1.006988781,1.708527649
1.204924902,4.7849582
2.304594844,0.61881993
2.765199508,0.415110356
-1.11596751,2.832507125
1.068232826,4.111042447
2.131217786,0.609050848
-1.675826819,2.42676461
2.157037372,-0.144552408
0.658347039,4.642003975
0.528085217,3.322421323
1.391945608,4.547773669
1.057049712,5.0854897
0.517267694,4.430035641
-1.581565622,2.776290552
-1.430412878,2.518951712
2.198896178,0.896225609
-2.262774784,2.711231608
0.727253853,5.268553354
0.59508931,3.58031716
2.063513265,0.286775493
0.790918077,3.83097943
-2.373359737,2.939062831
-1.583027896,3.302472713
-0.709701191,3.203495577
-1.910570105,1.733070615
1.099653091,5.066766108
-0.294205765,2.624603401
2.091606471,0.794746647
0.650065787,4.10831064
-2.181791217,3.389578629
-1.594327039,2.95195434
1.832422689,3.907729817
1.020035814,4.773160765
0.160058428,4.27022025
-1.567390983,2.65560817
-2.282694175,3.884067428
2.105549623,0.420192281
2.598166134,0.207113617
1.010087194,4.07227645
-1.512342941,3.19765604
2.427167598,1.193738205
0.864967238,3.847247718
1.232688307,4.140628096
-1.921334142,2.276358782
0.947535319,4.108178801
2.049699708,1.569700847
0.652743315,4.3894091
-1.075955498,3.735622906
0.598538715,3.703186568
1.636882,1.704027957
-1.469568999,2.849170409
-1.554623525,3.316162623
-1.147489239,2.562917141
1.237908409,4.218014162
1.903894513,1.392503381
0.514314071,5.009863177
0.497691029,4.810773405
0.540871504,4.014362495
2.154431051,1.492652685
-1.470479197,2.611280355
2.618844779,0.235249975
1.017575595,3.893020069
0.872797723,3.964739597
2.055058858,1.084741203
-0.77309625,3.02584722
0.946976803,4.14501578
1.388596382,1.081555665
-1.312130455,2.240451655
2.023702571,0.487031123
-1.85361212,2.422269393
1.73293412,4.58035336
0.855260164,5.062917913
1.787132449,1.502582271
-1.198774234,3.213998103
2.1961048,0.134774904
-1.185803319,2.912275182
0.569372837,3.579228522
-1.19521943,2.398941609
-1.423389627,3.2953758
0.802289151,3.627092898
0.484710987,3.854626342
-1.309411929,3.180334028
1.669875371,0.65724099
-1.670997279,3.54698073
2.881842438,0.548004689
2.461993644,1.134308957
1.042225956,3.313504532
-1.253119741,3.056288224
-1.332306593,2.296410109
1.178218089,5.272143559
2.196606746,0.351393253
-1.389652203,3.011222642
-2.303244284,3.972959023
2.205409683,1.952967927
1.245425239,1.183977169
2.443984488,0.905237053
0.923780228,4.987494819
-1.57582318,2.076631687
0.648038241,2.886510075
0.54864985,4.932397153
1.663517889,0.951423176
1.744726173,1.764949747
1.548974559,1.020156263
-0.823932157,2.678705551
0.231137385,5.051857146
-2.026543249,3.105356442
1.358518805,4.16960096
-1.307088754,2.66117703
1.37033777,1.287393926
2.305275869,0.181764771
0.996153446,3.520289972
2.086747199,0.461841054
1.484102719,4.654307998
-0.920722374,2.20217513
1.284123446,1.328737688
-1.225572499,2.996465941
1.183315755,4.050170097
0.522620896,4.329760025
1.032548844,3.976014813
1.953460012,1.11180979
-0.811625605,2.25617797
-1.382748937,2.728514038
0.184033297,4.726014481
1.691911508,0.789082102
1.677692449,4.471709688
0.649933494,0.822336841
2.505629474,1.343345713
2.624754427,1.38908427
-1.047460219,3.867342773
-1.308810466,3.703613787
-1.557322249,3.311531296
-1.56317715,3.229557785
2.542836727,0.232995375
1.837750507,1.226504708
2.404592639,1.158476274
-1.956144408,3.472968278
2.910685813,1.604871181
-1.566508696,2.964866411
-2.018692681,2.636885405
-1.744736361,2.550961345
-1.124121839,3.609902736
1.678542836,4.377007713
-0.854523815,2.502136062
0.709918683,4.849162195
1.803201481,1.536928254
1.570284975,4.462258633
-0.300405815,1.981065092
1.447793122,2.933948744
-0.645177378,1.867542465
2.03779151,-0.125532908
0.968841227,4.714490296
1.05920184,4.968357969
1.884987504,0.246053619
0.717510557,3.814372398
-1.672934319,3.916695407
1.340199918,1.564066328
1.453645794,1.486679278
-2.190665916,2.595796454
2.726444367,0.996590315
-2.472954022,3.201911408
0.773118513,3.871764832
0.742549574,3.873710635
1.544487595,0.662651502
0.605836726,3.999641752
-1.272592645,3.714095115
1.566157213,0.136163592
1.086024856,4.500318794
-1.839818254,2.650090406
0.998837086,5.47359973
0.744472091,4.544528064
1.025459032,4.494495455
1.741736254,4.350011195
0.923437371,1.08517362
2.220490886,5.151772094
-1.476746796,2.448486533
2.133339084,0.619268788
2.283349327,0.425228561
0.910315759,4.506168233
-1.529793688,2.882881078
0.710025119,4.626314964
1.662875157,0.812602508
0.763938427,3.888805029
-1.696022747,2.742391363
2.643883549,1.417659552
-0.102764203,4.963062836
1.912287946,1.646119157
-1.745993539,2.915186432
-2.48069494,3.059250788
-1.840347885,3.617360703
-1.40167724,3.237338554
2.402355882,0.790560218
-0.925262958,2.544951097
1.503359033,4.779204176
-0.946128646,2.509501612
2.19224631,0.234474414
0.775652724,3.903746089
1.721405926,0.8918859
-1.776255453,2.069796263
1.391265208,1.01339704
1.054508207,4.195615338
1.08819186,4.468598819
-2.082593287,3.991564844
2.378376409,0.831878204
1.432438455,0.312068492
1.916297538,1.579534956
-2.252990384,3.070783686
1.528117057,4.50405267
1.96137006,1.141132312
-0.82822369,3.602805985
-2.071514618,2.744780593
-1.285692996,2.259990737
1.544310859,0.322444775
0.27328862,4.008758505
2.160929035,0.796466529
-1.819944956,2.814962446
2.549387808,0.640712185
1.588609401,0.880426137
1.24513047,1.450759396
2.037381409,1.293094411
0.589122538,4.169092438
0.598023314,4.454544356
1.410751822,4.44222328
-1.083512044,3.116382667
-1.449229123,3.19159526
-1.250959317,3.603547245
2.130290809,0.164038994
-1.322531504,3.723631507
-1.460314071,2.647043087
0.157058266,3.415593019
-1.765432166,3.003181362
-1.398538344,2.767169409
1.7241718,0.108860126
0.205871571,4.335418325
1.99597421,1.141848955
0.663491561,4.799855742
-1.119935058,2.620716276
1.382513657,-0.798486337
1.884125242,0.69551645
-1.021858623,2.960733307
1.587703917,1.088575665
-1.420040469,2.464114401
2.211584503,0.800931719
0.13008486,4.668460501
1.510524778,4.077094426
0.776095671,3.567625863
0.891390932,4.236720936
-2.02399719,3.00253631
-1.506065256,3.304640962
0.637257188,4.952710223
1.388548688,4.569376511
2.019231011,1.339720987
0.953418098,4.414041155
0.613471389,3.61210535
2.658329832,1.624102543
1.430598264,0.54277111
1.661751153,0.605278192
-1.306014155,2.376402118
-0.93081632,3.653648372
0.487822385,4.008997366
-1.553525534,2.53113247
-1.996616173,2.391820178
0.794551188,4.693312938
-1.012178261,2.720106111
1.48688245,4.658134964
-1.630786143,2.580515251
1.362896567,3.711847007
0.711934749,4.249785409
1.197693135,4.412985864
0.867795294,4.526483953
0.926765923,3.778460409
0.998853007,5.233460494
1.202514625,4.3527354
0.805923907,3.672200871
1.730789558,0.877523251
0.406765982,3.696586636
0.948203568,4.303094806
1.341445974,4.856076564
-1.849363332,2.924457278
1.483277172,0.537876732
1.838490355,0.916661667
1.210462696,5.171726826
-1.833868667,3.270700568
-1.484735051,2.769045635
0.008130176,4.398176626
1.02587251,5.091936814
2.707374467,0.950069464
-1.327665247,2.041672799
0.752187397,3.979118364
0.837858581,4.86573998
2.118779498,-0.126952297
-1.314526578,3.308996014
1.800522084,3.528780233
1.028886147,4.257957623
2.126999485,1.341144943
1.792145851,0.988713549
2.471206414,0.901094259
2.613255785,0.437394578
0.89743657,5.432149076
2.077265277,0.738932551
1.506218541,1.153797023
0.595212823,3.859897259
2.452207703,0.54805602
-1.055267145,3.068121447
0.611747749,4.402066028
1.883649994,0.933050698
2.031628664,1.229735685
1.717053602,1.144715173
-1.429928877,3.548036063
-1.459262747,2.391493453
1.195942583,0.369185276
1.710743307,0.623620066
2.715664714,0.251663034
1.385258882,4.16433019
1.904720128,1.166157617
1.709757615,-0.205089018
-0.20581683,4.313954418
-1.379809691,2.517378837
1.154121836,4.065144192
2.043933051,0.135466085
1.239657768,0.746927503
1.624345012,4.612016984
0.842268393,4.705015525
0.470383036,4.346271396
2.142801251,-0.161561657
1.150354696,4.635416372
0.775491306,4.069549305
1.209101298,3.535665484
-1.513464737,2.375030493
0.092000853,4.481528224
-1.701749525,2.582503003
1.084859895,4.342892918
-0.645162587,2.242358574
0.78260667,4.152635952
1.444334653,4.642977377
-0.927880376,3.817088302
-2.216322499,4.380507053
1.075253724,4.844754937
-2.246292688,3.031806214
1.026560683,4.573367965
-0.444817549,3.186808528
2.407060299,1.362236234
1.433964052,0.883814431
-2.057841021,2.923649499
1.271209989,4.121857922
-1.751408393,2.220946084
1.968463404,1.346783971
1.860946035,0.574267652
1.377295948,3.380521337
-1.563995611,2.37520354
0.077542176,3.772070858
2.094388099,1.086221809
-0.281160912,3.423809843
-1.299698214,3.192787464
2.675917132,0.819714667
2.047764978,0.840957845
1.866494062,1.324985024
-2.208676018,2.488616789
0.92099975,4.813873683
2.201884938,4.198184336
-1.047799963,1.610196798
0.406368851,4.696266088
1.416835627,4.820281925
-2.295363955,2.636754847
-1.432847253,2.791693277
1.150422425,-0.032098143
1.617690147,0.600903501
1.418863849,5.040669735
2.108184843,0.467408786
1.352243372,4.585282187
1.588705361,4.336215381
-1.524949503,2.1869966
1.058234365,4.351948005
2.057888053,4.972051302
0.336425492,4.011071725
-0.306295934,2.909239718
-0.759232241,2.825406553
2.098493783,1.021516849
1.718732878,3.241842318
0.614305727,3.743973211
0.962005644,4.141422195
0.571911313,3.751725335
-1.657183935,2.982360787
-1.757130871,2.286872656
-1.53754551,1.698815982
2.423473223,0.704661979
2.098189074,0.650700306
1.43669949,4.463151154
-2.21344129,3.425442142
1.234490544,0.452650884
0.29368864,5.277336649
0.848291244,4.129764138
-1.16225964,3.468161381
0.967759872,4.493363195
1.174153073,1.312922344
1.388956195,4.154625743
0.980584028,4.567289432
2.067374677,0.680268337
1.671537062,3.483113023
-1.199707303,2.692922372
1.566959379,3.987835448
1.735649747,3.718207097
1.00621742,4.197525805
2.034665589,3.498348126
1.055895313,3.32451285
1.349864246,3.70931485
-2.050794418,1.864783655
0.985027885,4.46560021
1.981448814,1.463569638
2.57970778,1.181969076
1.800337545,4.385901205
1.810353412,1.227064731
1.997786638,1.145588994
-1.840553544,3.684880099
1.136179152,1.224182302
1.244568339,4.506135055
2.03246038,1.083641436
0.545657236,5.258819804
-0.935852967,2.132554964
1.672103722,1.53841933
0.45470533,3.875248233
-1.7790315,3.996732976
0.955184353,4.160343731
1.054523348,4.419877846
0.806928986,5.321168599
-2.495702718,3.075962362
0.309140843,3.630428575
2.11120372,0.559812088
1.086756818,0.822921654
1.900683264,0.713455939
1.742295964,1.133827603
-1.560185437,2.934047252
1.704174054,4.33153344
2.218167328,0.96004842
-2.186342968,2.759930043
1.321179161,4.954710442
1.001747217,3.406672692
1.098396186,1.229444448
2.249763494,0.51664418
0.509899623,3.672253153
-1.696420451,2.900680387
0.397592449,4.147641202
1.909098184,0.800895104
-1.909516893,2.879062391
-0.722381525,2.989390598
2.558318374,0.91005999
0.71496037,4.825276125
-1.318041284,3.047074075
-1.769924119,3.180126777
-2.18338818,2.837643908
0.054735303,4.064800325
-1.291629558,2.799980159
0.802314004,4.381961812
0.793923306,4.382139255
-2.223788738,3.28723492
0.756675318,4.394456542
-1.116745764,2.739149427
-1.672704085,4.232910673
2.436119594,1.113606402
-1.713324072,2.17476436
-1.533728614,2.868709516
0.302307367,3.923000633
0.866499564,3.761769017
-2.543547566,2.979403863
-1.747766869,3.010039681
0.289748803,3.769916322
0.601424906,4.320191701
-1.42047332,3.701131202
-0.878363203,2.505808627
2.391075807,0.410579942
-1.951827245,3.28010551
0.460528848,3.588791698
1.937741092,5.044044723
1.214719263,4.378012118
0.646241918,4.391696804
-1.617386227,3.079789313
1.630604455,4.290888048
-1.703672203,2.949624103
1.6395009,3.821484115
-1.855261665,2.571387082
1.51536873,3.024194994
1.619262082,3.550288128
1.687619662,0.58066933
2.753298619,1.485589808
1.889675846,0.611804143
1.297797351,4.597899792
2.133164487,1.657665419
2.405607576,1.245988987
1.990973746,1.125373655
0.765112666,4.356144342
2.265338333,1.176407058
2.176712433,0.697246305
1.119441923,4.608209245
-0.412409494,4.879654315
0.89558331,5.20101173
0.925421441,4.31342702
-0.905025034,3.774167055
0.346376407,4.31809758
1.424521648,1.15466575
1.84787369,1.775902981
1.055633725,0.808478108
-2.011460147,2.908695397
-0.810032091,2.633573641
-2.227502613,3.1492287
-1.480384941,2.899101344
3.053650522,1.424263609
-1.173324998,3.514589554
1.572290592,0.535508
0.516444734,5.625255188
0.647307032,4.788228647
1.135829279,4.457419718
1.337820325,4.31609339
0.662226299,4.063273768
-1.553603492,3.028822048
1.143227745,0.608309403
1.487165371,4.027516991
0.740898829,4.440185522
0.509875558,4.92544702
0.38184045,4.05037915
-1.784990237,2.546500062
1.275954765,4.175628881
1.797389249,1.529628761
-1.528113409,2.852797068
1.102435794,4.108388329
0.981208282,0.381081272
1.274723319,3.810143981
2.134863405,0.403615316
1.43488085,4.275265894
-1.577806567,2.84334368
2.202154677,0.459397734
-2.03042003,3.187381563
1.363350383,3.916557843
-0.867159128,2.857719924
-2.352093211,1.648626698
1.651490501,0.526587579
0.197270814,4.050269943
2.128228427,3.773779416
-2.166096928,2.557222099
-0.935618096,3.407141931
1.85885722,0.72952673
-1.243050199,1.853259426
1.198239225,0.977280761
2.033197662,1.706893322
1.177440899,3.961382282
-1.841512439,3.137691317
2.851904329,1.182024859
2.117326665,1.816204004
2.120013939,-0.143953591
2.369767315,1.054680582
2.391585881,1.027579907
2.109675157,0.149958222
2.306167398,0.869613923
1.595063705,0.81752055
-0.992225779,2.74006805
0.616467884,3.897290833
-1.566497766,2.654134228
2.159384107,0.13822933
1.532859362,1.292616131
2.108627768,0.441723011
0.981444736,4.663804207
1.462537973,5.370721451
-2.320115976,3.016925781
1.901065702,4.196703999
1.211486651,4.459510863
1.762094066,0.674228127
1.360377012,-0.079175621
-2.213218837,2.489168061
2.288642847,0.978216821
0.580126748,4.037984373
0.693050152,4.149941689
1.978231322,1.4944695
1.965726319,0.121943091
-1.813587714,3.130327005
1.089966466,3.795418003
2.052829975,4.537939781
-0.848510391,3.924889308
1.471724665,4.210432772
2.812358587,1.013173001
1.287529649,3.988191357
2.271826886,0.792569253
-0.750262688,2.971527929
1.640161427,4.253146584
2.445851155,0.459822746
2.203970352,1.079205993
2.340661786,1.669061829
1.88976222,1.122808075
-1.844492212,3.219720605
1.833287517,1.106765334
2.069471744,0.698632919
1.830126604,0.18804662
1.737552302,1.324078544
1.763079884,1.08045939
-1.997108512,2.759750735
1.818587059,0.795878324
0.154787432,4.100751429
0.253002729,4.703936302
1.361973053,4.818506742
0.436598496,4.246674552
2.224694603,1.286665432
1.223140967,4.245735358
-2.180989572,3.841589271
1.168431781,4.808643255
-1.865750654,2.665148193
2.111147391,3.57660449
0.245403734,3.962067444
1.961222652,0.379789797
0.946088831,3.948267029
0.780075579,2.7807158
0.98963927,4.395512454
2.30589222,1.953673472
1.482191295,3.974811805
-1.384571937,2.181265321
-1.108391798,3.0644259
1.814571209,1.596196311
-2.446240476,3.574423556
2.538420411,1.002779379
0.793494534,4.772833598
0.765742149,0.428908967
0.72359092,3.895891556
2.509219562,0.351050569
0.797834315,4.576615989
-1.851040288,2.921495178
2.409203601,0.886708042
-1.963719329,2.389005311
-1.978215942,3.252773888
2.184666305,1.417783142
-1.989138825,2.839885164
-0.992538584,2.800949056
-1.748705383,2.582870621
0.447533255,4.025794812
1.866875467,0.443147497
-1.71348817,2.988400627
2.253255627,1.803416512
-1.514717964,2.909513117
2.255004689,0.653316302
-1.052637552,3.533520305
-1.9301844,2.330820447
-1.476951483,3.558800484
-2.258506845,3.487181389
-2.44763996,2.752093814
-0.673047134,2.767539204
2.226481197,0.785950604
1.295280292,0.789397224
1.628910405,1.100489775
0.541838805,4.631982703
2.642845217,0.335312303
1.152641677,1.312856663
1.095842869,5.002735458
-2.017454821,3.000473795
1.703509864,0.590153236
-1.532103948,2.657412563
2.427044279,1.002843343
-1.514915642,3.001594109
0.799273123,3.616311681
1.003855756,4.453276056
0.558673733,3.830417122
1.87772596,0.521879165
1.44850572,0.296219498
1.480568722,4.567586019
1.404685384,3.978274531
1.453364869,4.575859704
0.235647097,3.66750826
0.000368028,3.973841463
1.357927701,1.084251019
1.776403988,4.209369937
1.611152454,3.948860236
1.524443501,4.186679427
0.639103748,4.319702607
1.588728601,0.778275502
-1.415448629,1.47162235
-1.757115409,2.680041434
2.72292566,0.691026257
2.009751188,-0.016824658
-1.557396504,3.336640598
-1.180650486,2.531000588
2.243231234,0.440866405
0.896300185,3.887808581
-0.959454914,3.469355963
2.131356009,0.7106005
-1.60927644,3.104124455
1.389119788,1.842865511
1.080481628,0.417610877
-1.488772458,2.787137102
2.261566729,1.1608597
2.395239524,-0.183885164
-2.345757157,4.235183662
2.463534961,0.898856259
2.1876369,0.066739476
-1.457856807,3.174153004
-1.914785781,2.354091454
0.977005579,3.9204349
1.661764582,4.048865706
-1.437593914,3.308722838
1.725411898,1.134667594
-1.035968695,2.9374852
0.96838047,4.057922273
2.28600196,0.874423082
0.821712856,4.187053997
-1.320276028,2.376385197
-0.151512036,3.792533906
-0.643338222,2.83117183
-1.656356714,3.773626755
2.178378902,0.438671507
-1.651652163,2.834652398
2.049810352,0.532260278
1.565659864,4.21382491
1.591415419,4.904977252
0.504085833,4.422838901
-0.830820613,4.330767512
-2.496082722,3.01346188
-1.352115711,2.801374033
2.175765887,0.411504701
-1.066587868,3.008263565
0.962178964,4.517953263
-1.723705475,2.998777605
1.264565487,4.19963795
2.380288508,0.715578755
-1.380475553,2.864524799
0.654460877,3.192085751
-2.71130574,3.57897934
0.576558879,4.424181082
0.569696938,3.440646026
-0.411917057,2.823073046
0.770134201,4.102057736
1.578677772,0.658014961
-1.57357659,3.366593533
-1.751394278,3.495515454
2.586067606,0.305219938
-1.574839738,3.115600743
1.910049559,4.756809657
2.505132928,0.108398567
1.126525886,1.088962728
-2.072158347,3.418842613
0.098324787,4.529254558
-2.090324441,2.737840202
1.761658239,0.57623801
1.186729221,4.427088421
1.364561696,0.59134438
0.514858421,3.578118078
-1.155022533,2.55528791
2.042362641,0.116459293
2.621270088,0.617173158
-1.72694609,3.085061
0.680568745,4.86599692
2.177572702,0.507702035
1.551987989,-0.173990373
1.118409914,5.175121718
-1.665277421,2.637461569
1.125027256,4.325798466
2.120529534,0.065377034
1.795928178,0.755964773
-1.615123284,2.101164996
-1.120385824,2.549733716
-1.987058771,3.672636721
2.260043411,0.49786691
2.160170987,0.568834658
1.393861671,0.909269462
-1.121309082,2.992562718
1.322310357,0.862869382
0.88953813,4.048772558
1.548901165,4.477034548
0.74161471,4.741635167
-1.610530298,2.615865719
1.984043587,0.243281903
2.252741616,0.645718716
0.699115265,4.068468498
-1.781387431,2.30235725
-2.551915952,2.775263744
0.84240331,3.739781662
0.329841624,4.437312762
-1.72401537,2.598238922
3.287428488,0.994579528
1.780531157,4.022997953
1.54893096,0.384015221
1.209459866,4.256591074
1.41175097,3.864802019
-2.014864512,2.929947344
-1.483335138,3.532133209
1.362617497,3.472988182
1.613260157,1.514735678
1.569596362,0.46563959
1.408029908,3.901410457
-1.219018196,2.778826892
-2.608736794,3.072143636
-0.168039941,4.429529535
-1.300076784,2.731714153
-1.667478853,3.507549898
-1.902371504,3.556708154
1.815250693,1.812051375
-2.112034589,3.227653673
1.441220105,1.653596313
0.077687771,3.902660742
1.238369513,1.345747257
-1.833207275,3.081120103
2.407588882,0.975459027
-1.627899991,2.193469317
1.222918502,1.112853102
0.933712277,4.021636811
0.986801089,4.353514556
1.919001147,1.266424417
-1.101965476,2.670389406
2.105924554,4.282658752
-1.259410197,2.869902613
-0.523958293,2.958711443
1.23821559,4.347998371
0.610833286,3.482935713
-0.901257847,2.246448952
-1.026668503,2.624581318
-1.901317977,3.31726307
1.554887276,0.099774854
-1.398106028,2.179632312
1.720396175,5.251731915
1.80259716,-0.111477274
1.293883476,1.17614572
2.026777994,0.699570938
2.561351669,1.589757022
-1.632714172,3.051624193
1.17145255,5.098052673
-0.873601001,3.142690657
1.449896062,4.226282281
-0.723149842,2.016677207
-1.950541812,3.087627332
1.354102255,0.744129417
-2.352419377,2.81356943
-0.954223313,2.842584707
2.08727962,1.250204211
1.096203631,4.383266665
1.937998504,0.465985869
2.120044782,0.194680119
1.259915217,4.192449777
1.96104298,0.309746166
2.626091494,1.534741174
0.777314029,4.695076768
-1.779813454,3.611462143
1.714863969,1.440037448
2.216945787,0.212968098
1.248556016,1.129984859
0.803145355,3.906469167
2.912293256,0.513689364
0.594198117,3.584891591
2.356349266,1.334300184
2.030226201,0.475855857
-1.12926598,2.636789166
2.602351017,0.350543183
0.169321155,4.197417187
1.550445369,3.848362139
1.199782157,4.356647325
1.067939678,5.139258844
2.478971699,0.798303737
-1.569018753,3.195226693
-2.021325065,2.702230642
-1.059822201,2.510527964
-1.99672433,1.727007192
0.655907216,3.736631531
-1.314255071,2.87386235
2.528879657,0.883016458
1.152160134,4.493405094
-1.533210584,3.079096123
0.996305807,4.139909869
-1.944078697,2.863502991
1.700842611,1.623427668
1.089943054,5.110912101
1.650287969,4.757636726
1.950163751,0.675562128
0.201055406,4.512446738
-1.025176814,2.887386846
0.642409935,4.467268625
1.238920138,1.264525404
0.574565246,3.959012439
-1.075359786,1.414163659
-1.918066173,3.076431344
2.596603662,0.822868909
1.36378171,4.520206138
-1.736337736,2.525221552
-1.477822891,2.33067104
1.888888139,0.795659724
1.915776719,1.162580552
-2.246331096,3.31853277
2.827534704,0.690782413
2.491146769,1.084913804
1.8254543,0.899455263
-2.362685929,3.178888321
1.36490856,4.158266596
2.486776098,0.602814762
0.603892668,3.890568058
2.177245833,1.682815616
1.932726644,0.508325924
-1.921881043,2.146503291
-1.762493935,2.747839997
-1.899961019,3.079104211
2.13644904,0.892518002
-1.303347418,4.18633936
0.48351471,3.567869824
-0.657266297,3.233504163
-1.951756704,3.178951208
2.418854956,0.878211007
2.447139768,1.848333686
-1.242097545,2.78073253
1.858542961,0.89902243
1.668671266,0.152697156
0.964107016,3.934771873
-1.638214643,2.672139751
0.884817588,4.75191154
0.774681605,4.915009863
-1.377437823,3.222218611
-2.169189344,2.896702496
-1.890969427,3.289131495
-1.720776021,2.614514477
1.156022278,4.231503919
-1.217664272,3.009462871
1.658536003,3.959062735
-2.055824176,2.683271123
-1.793174411,3.181307483
0.061255803,3.955869768
1.609975906,4.553536444
-2.045605236,3.592647576
1.390321591,0.719916273
-1.667522983,2.926235515
2.127320764,1.0143927
-1.339428674,2.923941386
2.352917675,1.479739543
-0.988803851,2.218204276
1.459654084,4.557821282
-1.630651468,3.063490187
0.964558526,4.843384692
1.38367125,1.276682686
1.353967926,4.737491033
0.80417185,4.177431991
-1.936278012,3.290797595
-1.604657786,2.94106297
-1.685578454,2.828918588
2.953726783,0.795494191
-1.451330497,3.579427915
0.472854202,5.144575686
1.96347214,1.060263017
1.356788941,4.364624836
-2.102118295,3.082439354
2.040200868,0.865299468
1.981590689,1.427566807
0.516713356,4.400164252
2.023436777,0.107698395
-1.040091095,2.362416149
-1.752342483,3.150435994
1.315048595,4.95737925
1.441022634,4.594899623
0.556705377,4.798848019
1.2288657,1.430627069
-0.966671938,2.352943647
0.894642604,4.260559686
1.3826071,4.597417017
0.736145561,4.771841103
2.596563207,1.08166549
2.84292096,1.322221266
-0.874062254,2.855182884
-1.549847986,3.060224512
0.747449781,4.489692868
-1.601185768,3.493457992
1.847766686,0.471099348
0.623919941,4.77541769
-0.849101949,3.230544851
1.19895286,1.204139844
-1.936207651,2.195306681
0.981362838,5.402935497
2.67824065,0.179343328
0.593418981,4.581680809
2.474041479,1.878104066
-1.130715287,2.10536155
1.200367721,5.151878114
1.507431907,0.351215357
2.194865768,0.709138057
1.759888945,1.383648807
-1.044278255,3.15622189
-1.40636785,2.605249987
1.414864164,1.728489591
-1.46141316,3.751461871
-2.103164003,3.190060041
-0.494968212,2.976829954
1.498781766,4.603307091
-0.484957356,3.041639769
-2.054058786,1.538418499
2.125672847,1.134407791
2.395051454,0.685769536
1.102358584,0.6136208
0.970697273,4.309536777
-2.225011696,2.752716652
1.476935587,4.60239358
1.053604495,4.824571522
2.027823429,1.158942461
0.504046951,4.098762481
1.135985995,4.23489772
0.677194852,3.543767685
-1.097238632,3.059705758
-1.920046199,3.733771946
0.498297578,4.13079644
3.956097629,2.055248977
0.935864272,3.951857809
1.838853887,1.085148022
-1.167676137,3.705978743
0.349973408,4.010627315
1.608808998,4.409535834
0.910743073,4.870327267
1.548422885,0.258869474
2.568516224,0.0115481
-2.061642569,4.233619412
1.422096183,0.866916278
1.959652065,4.205670345
-0.69196184,2.112457052
1.894638053,0.65338055
0.736149058,4.042161856
-1.105930287,3.189568386
1.968592417,1.51329044
1.487185094,1.150313966
1.289959399,1.06147525
0.161170905,4.535178455
-2.352812531,3.161171436
2.192591123,0.595853442
1.982682399,0.629497399
-0.500757301,3.410536721
2.190813013,1.465887473
-0.689153135,2.772784196
0.552018164,0.874080726
1.359601669,4.481933736
0.79374247,3.408123553
1.793978251,0.7440978
1.866178498,1.324108209
2.501621598,0.660861631
-1.056961607,3.183963214
3.060889115,0.779912003
1.322039454,4.651161899
2.566372699,0.688948932
1.145382815,4.629677958
2.485754157,0.052164779
0.60648858,5.075294625
1.767146613,1.184968119
2.12328313,0.478508082
-1.533589083,3.369953403
0.959610437,3.538385579
0.2348284,3.649081254
0.741837985,3.203066685
1.212576469,1.049169185
-2.171769687,3.213011765
3.117030733,1.596088204
1.314029541,0.917758918
1.160042527,4.398943106
-1.702533236,3.847485157
0.657551566,4.10515142
2.003243116,1.338276133
1.553362094,4.390039536
1.81916623,3.479764224
1.405822175,3.898974039
2.262420938,0.959643473
1.114103353,3.949594801
0.587178318,5.172174806
0.884392213,4.716096437
1.522693469,-0.184166846
1.951780284,0.61600898
1.687761827,4.50183062
2.330195955,0.898113623
1.861610803,0.723871403
0.67694311,3.745838834
-1.414564586,3.179424924
-0.957981831,3.555656901
1.232728502,3.033167924
-1.243747366,2.086772289
2.175295986,0.947743364
0.451993596,3.593778359
2.004002781,0.685223438
1.001017569,4.550705716
0.951608043,4.423304128
-1.975522529,2.201780612
2.42151017,1.851191581
1.386430977,4.983761598
3.708554696,0.142563838
0.999149337,4.210195402
-2.115925175,2.747342657
1.161682579,4.37481823
1.451314287,4.228108723
-0.807933511,3.498191334
1.259162207,0.914758544
2.004049004,0.587761273
1.905264192,1.335418237
3.031148028,1.517633935
-1.482613915,4.022785056
1.087501661,4.259599566
1.013471352,0.322088592
2.277658203,1.408859821
-0.9400984,2.121767518
2.033966557,1.091808067
1.089074406,4.528643378
2.318658374,0.948194082
0.898752174,4.336817458
2.39389048,0.881708122
1.803412803,0.604155516
0.704839341,4.511812351
1.813162311,0.733704632
2.372034473,0.593256101
-1.641401721,3.680205477
1.664525192,1.196593599
1.692053957,5.034894413
1.53675285,0.341210713
2.351131009,0.659551442
-2.323823767,3.427068809
-1.452420823,3.469544062
1.223092122,4.54729499
0.547418767,4.371514659
2.832824537,1.204326773
0.424078409,4.329869867
-1.55336128,2.626200843
0.945243516,4.933370892
-1.106579774,3.048435352
1.071995515,4.744042927
2.652172767,0.638802339
1.954076915,0.193071269
0.521888456,4.091628517
2.6468273,1.257112243
-2.041989933,2.579784151
1.119722323,3.14349019
2.20836922,1.079512606
1.102671831,4.099779973
0.623809402,4.64377475
1.683653751,0.700052627
0.616299812,3.857000126
1.831310102,0.798306129
-1.434378686,2.954099743
2.178075735,0.88116542
-1.523680577,3.123006083
-1.789224215,2.227333912
-0.942738622,2.395498432
2.332791493,1.225625866
1.042057063,3.601007304
-1.904230257,2.65039369
0.378776676,4.053582494
-1.952858995,2.647571758
1.405232041,4.874338261
1.93444094,0.976989625
2.236247877,0.751307612
1.586293724,1.034528385
1.41596505,4.621499591
0.230641282,4.523483178
1.878584077,1.269139148
0.958386043,5.494160003
-0.87451742,2.871263411
1.486105542,0.962244747
-1.998027233,2.685418459
2.056305032,1.411063949
2.4663057,0.791056042
1.221377575,1.191682534
-1.582734702,1.938074584
1.320210774,4.328715961
2.213967452,1.650447135
0.908295228,4.872233009
2.628483528,0.933656257
-2.21251226,3.017308683
-1.044224179,2.567778022
0.18502284,5.425588275
3.355201104,1.730388413
2.625511734,0.984075998
-1.359467764,3.039924827
-1.683725447,3.526730748
-1.568877306,2.945792669
1.11870769,1.683146014
-1.077347859,2.908666112
0.574699385,4.071618482
2.604558346,0.834130079
0.995724431,4.617069453
0.681655585,4.079554824
0.99477294,4.687738531
-1.197026304,3.989585017
-1.450821918,1.947615563
-1.859225849,4.052911658
2.372460858,1.712301545
1.186101587,1.251231032
-2.582087529,3.454294029
-2.167728571,2.773019453
-1.032828663,2.620682873
1.623663412,0.256411953
2.46396607,1.220971467
2.983818656,1.105000793
2.014493265,0.621132704
-1.6541909,2.797069395
-1.434486057,3.280194174
0.573456825,3.744631365
1.939120518,1.262128594
2.348192924,1.465857699
2.396352263,1.68047159
-1.403708025,2.88757898
1.049987279,3.815054889
2.146981845,1.041621376
1.075764826,5.298153287
2.014095698,0.657852152
-1.09953838,3.511829212
-1.815741892,2.75376461
1.281031996,1.553377223
0.90982979,4.154891888
1.447229231,0.967999612
2.561757465,4.398537146
2.33375168,0.029542758
-1.324600909,3.743010152
0.81021894,3.94307168
-1.763077104,2.718538336
-1.802131941,2.321016035
1.315369714,0.965007291
0.581008568,3.850137267
1.164482844,3.754086932
1.341798679,0.431378545
-1.166388053,4.067572461
-1.464831794,2.560930406
1.506056395,0.709031432
-1.641735635,3.011371969
1.260499538,4.137381445
1.353265812,4.836445073
1.605324283,1.138703964
-2.166471666,2.396485388
-0.745280202,2.454592412
-0.228656373,3.120043717
1.361606606,4.238567461
-1.511710947,3.30038325
-2.368507417,3.08990533
0.296379716,4.283086922
1.111855171,3.903038885
-1.664355093,2.849305718
1.568503141,1.936778641
0.999337608,3.824600087
1.496313201,4.386109232
2.142454046,-0.199178016
-1.804270416,2.856081881
-1.303688199,2.346043252
2.033245073,1.877444663
-1.275907681,3.264046682
0.991570991,4.268966538
-1.427793182,2.675792134
0.253059547,4.07761219
-0.758624569,3.00346071
1.412925997,4.903655416
2.206548023,1.443833098
1.66315683,1.26331047
-0.193242969,2.917848085
3.028292273,1.385854532
-1.572029048,3.521569755
1.744303442,0.979548883
0.72676176,4.314462939
0.374402482,4.512309079
1.167636294,4.286666187
1.468928833,4.687247162
0.855601183,3.864692156
-2.240741719,3.094349171
2.590163717,1.695365744
0.111132048,4.598158531
-2.04299146,2.82920152
1.99997227,0.681447671
3.146066836,1.117438763
0.202142917,4.569774647
1.059606826,4.621303046
1.78474413,0.851944794
0.880943332,4.10636257
-0.991589848,3.787414779
0.945398428,4.080369201
-1.404957833,3.420707343
1.314500445,4.11278285
1.432871041,5.409439494
0.933304695,4.400933796
2.421043312,1.057488552
-1.524693373,2.885202744
1.18519693,4.283777965
-1.526733534,2.886779861
-1.508797999,2.559560554
-1.839387632,2.547026054
1.229889554,4.245672477
1.00952869,4.455023276
-0.988246573,3.3234271
2.136669998,4.362332764
2.213931998,1.204004053
0.710273174,3.825658116
-1.135763708,1.875882232
0.901788639,1.263459912
1.170817063,4.88930786
1.792068792,4.492666912
1.439994499,0.644210353
1.323156655,4.224000608
2.591585545,0.328379725
-1.652525237,2.726464825
1.983300156,4.150404439
-0.835548806,2.723123067
-1.36058208,3.546355684
0.802544752,4.013153089
0.799554204,3.495550233
-0.661261657,3.097534674
0.253799979,3.69851583
1.32439835,0.123265591
-1.746082096,2.546306021
-1.703801604,2.969847814
2.595539585,0.09382537
1.134850392,4.563807635
-1.628921737,2.444012079
-1.800133579,2.543951425
1.093680842,5.369864033
-1.68222307,2.479452057
-1.870429214,2.910091259
2.579260829,0.880750177
-1.554938262,4.004380221
-2.23103831,2.990903966
-0.424831321,3.709575117
0.865031573,3.874327374
1.010028507,4.692589396
0.75061856,4.436631315
1.710051807,1.612109872
1.282233675,3.633038965
1.580008549,0.665665448
1.048291864,5.030924081
-1.082695723,2.362220606
-0.300224829,4.630596625
1.06498315,4.102896859
2.428674438,0.578944058
1.598706753,0.808435252
1.246656871,3.394748512
0.10509198,3.65216595
2.730979304,0.528584861
-1.137130424,2.821112845
1.72094806,4.564439202
-1.093071404,1.789757202
-0.626181779,2.758509835
-1.281357109,2.735185908
-1.594840047,2.619496851
0.911216601,4.350763942
2.377083159,1.242111993
0.349872399,4.692532505
-0.635530991,2.911137742
-1.33701832,2.68010027
1.34081536,4.368278783
2.053456113,0.657520105
1.44464131,5.00995118
-1.545642012,2.796075191
1.87104935,1.142056531
2.048541787,1.305399645
-1.465011462,2.111538973
0.597334648,4.27874528
1.116490931,3.807225522
0.720806988,4.691151487
-2.171334373,2.408490495
1.914479806,0.602970309
2.013623324,1.699095475
1.355139417,0.985003706
-2.410943003,2.756191958
-1.169012272,2.997216036
-1.17905072,2.807837997
-1.088540884,2.165398828
1.637202458,1.80295454
0.56947208,4.042966572
2.379287739,0.706644599
2.174811062,0.593719937
2.432792362,0.199396041
-1.883808922,3.584658342
-1.241028018,2.894944487
2.009634012,0.696878322
-2.585172102,2.810350748
0.496839226,1.219889677
0.838434811,3.948923345
0.769460588,3.930059922
-1.380468649,2.319716344
1.44446935,4.040967031
1.550567231,0.379230079
1.075920177,4.278485557
0.547995424,3.532993628
-1.355309958,2.345820721
-0.761027501,2.754635469
1.051679182,4.176051934
-1.635694022,2.5252249
1.594954335,1.358631062
-2.042943519,2.735664721
-1.526437014,1.972202688
2.355260893,0.513472
1.30946162,4.073427434
-1.239068857,3.193399257
1.408488178,3.932704817
1.763347099,0.385812934
0.795713511,4.608268498
3.519815642,1.009092821
-1.659453955,3.147613557
-1.386055757,3.37568398
-1.335979676,3.163008804
0.185217202,1.384452058
1.279825915,3.779702124
0.674350302,3.729010296
1.676942494,4.098596431
-1.861566863,3.320872592
3.035881016,0.861544281
-1.023437101,3.160222405
-1.992761152,2.440700681
2.261403657,1.166362033
-1.662085909,2.812633187
2.505678904,0.144707984
2.061852553,4.634824472
0.874821658,4.248845938
0.820826993,4.352487411
-1.698088035,2.762730149
2.045738415,1.000491997
0.461302437,4.128815645
2.375936594,1.314589271
1.630731085,1.712413682
1.505783706,3.792505132
1.633838911,4.142058591
-2.656891851,2.471141714
-1.178468326,2.885606252
-1.153571155,3.382473166
-1.190900506,2.60774447
0.546783884,3.854316249
0.782192982,4.273823326
0.892162967,4.492742378
-1.357221031,2.761857664
0.98573113,4.262770251
1.620728728,0.668549083
2.057355021,0.155917883
1.40153542,3.884225232
-1.815525789,3.516446488
1.097329059,3.859427199
-1.300704304,3.725280451
1.754789032,1.250899467
-0.334093197,2.32841015
3.059876802,0.652756294
-1.74540787,3.266967131
-1.199816799,3.313155828
-1.640989632,2.472711495
1.199876122,3.995726766
0.722511278,3.777847276
0.830449085,3.433275923
1.921393623,1.004251792
0.173050234,3.617260559
-2.405679888,2.526317492
2.124303344,1.499963893
-0.974078425,3.371783567
2.303575121,1.403730255
1.96669883,0.452299068
2.265029576,1.359880671
2.333040323,1.117424821
-0.986078137,2.967416443
-1.560958358,2.946495769
2.380182339,1.115058063
-1.773634024,3.310722909
2.723460613,0.837643099
0.917188056,3.963698225
1.311555304,3.950034479
0.323006653,5.132852667
-0.735768671,2.725663213
1.96192206,0.325842962
-1.133162198,2.879272941
-2.055436159,2.00553573
-1.529416428,3.40367611
0.581718988,4.304411555
1.944480322,1.109789969
1.864622587,0.273189193
-1.791474585,3.119464411
1.545824722,1.246368512
0.78869652,3.690689232
0.971241843,4.922790795
0.557431058,4.008195776
-1.804440837,2.966775316
1.806573858,3.595485586
0.536689764,4.188236524
1.835475746,0.17939298
1.24543488,4.232564619
2.432200363,0.453569554
2.280837916,1.197747099
-1.757942781,3.374485764
0.677612044,4.184826463
-0.106020341,2.044257253
-1.784503199,3.45749065
-1.331299507,3.583296087
2.113100058,0.623985873
1.189399444,4.642241345
-1.107474543,2.379788337
1.634020273,0.810356833
1.765702676,3.906037052
1.505501725,0.941164353
1.584494684,1.025021428
-1.99081655,3.871181603
1.760860922,0.814587092
-0.810351568,2.726026611
0.453643395,4.909359972
2.798658758,0.91905352
-2.201677191,2.481224092
-1.142420143,3.221131096
1.986317672,0.147487022
2.524683385,-0.460476495
-0.522683235,2.965772685
1.729439417,1.150071388
2.719747895,1.006615353
0.948593805,4.171818653
1.479059657,1.341779655
1.756932094,1.181192766
2.158934544,1.277241997
1.926832673,1.044399359
0.4535078,3.761359298
2.020097711,1.296561131
2.780743428,0.614772996
1.265530827,4.478614556
2.20132833,0.601709603
2.279202353,0.51978828
2.71036578,0.943382077
1.785297213,3.891582767
-1.218157072,3.398993452
1.360655401,4.093123534
-2.449607622,1.618421133
0.916066759,3.564129337
-0.071031457,4.365648285
0.72086751,3.713471235
-0.923994735,3.127368267
-0.084318144,3.384364026
1.772655456,4.174501012
2.303357228,1.186141607
0.490684746,5.016945758
-1.156988654,3.425016815
-1.215898781,2.714114197
2.508869956,0.474942989
2.224870274,3.181126503
2.843811628,0.49126261
-1.688032215,2.183449323
1.92126263,0.649359555
-2.013040931,2.892414871
1.527501877,1.195469637
2.595740856,1.342351614
2.620129201,1.072165441
1.671786004,1.485693798
-1.700610167,2.464389572
1.423900215,4.991269361
0.473614142,4.354490901
0.144183586,4.240502662
0.398178863,4.694386378
0.921025376,3.473437422
0.927043816,3.972048184
1.456553674,1.640863287
1.147323099,1.273213459
-0.462706272,2.723261864
2.273482372,4.101771181
0.180546141,4.305398436
0.991903852,4.25773127
0.326096662,3.901862125
0.798294332,5.573903138
0.286054702,4.035830047
-1.379604307,1.825042498
0.982889962,4.242814864
2.718121501,0.726672521
1.225615216,4.827773405
1.556025199,0.554553903
1.929806323,0.009561148
2.239711875,0.75450452
1.254347045,0.878710129
2.569971981,0.948693555
-1.004659288,3.734556792
0.820282025,3.88364213
-1.502139237,2.091292011
-2.239879237,2.672106075
-0.802581641,2.639555007
-1.966809378,4.025291999
1.152678382,4.227400116
1.592820985,1.062424881
2.154966058,1.870544356
-1.681404863,2.895192657
0.663756383,4.10859098
-1.876888273,2.89876045
-1.130918491,2.495503711
1.367616546,1.209168758
1.278830121,4.75156532
0.724861728,5.510014167
-1.578274159,2.648385142
1.624659745,0.642866093
-1.796621568,2.289738611
1.581195142,3.600734942
-0.521036352,4.744256108
0.761919046,3.984867049
0.901887002,4.35178943
0.958398712,4.471795199
-1.854247953,2.52132607
-2.347405623,3.06402363
1.670842942,0.313115786
2.124640147,0.260503976
-1.894220329,3.041324011
1.598439701,1.806576867
-1.685359987,2.12444966
-1.909294999,3.199883016
3.042317496,1.136567941
1.857205923,2.024805509
0.758573239,0.946289098
-1.305969265,2.509451722
2.120794746,0.458115654
-0.875010163,3.046499921
1.31768728,1.403010518
1.129096193,0.541000165
2.030213792,1.113480586
0.71548024,3.711444032
0.528362198,4.577951393
-2.067641284,2.082276968
1.677031787,4.383004251
1.082563602,5.077303076
1.060632788,0.127384674
2.207927899,1.409746126
2.538235581,1.608966034
2.751686238,0.209154375
-1.311716931,2.441886423
-1.305102015,2.813033065
2.046052996,0.736019342
-0.98761837,2.704772105
-1.846117366,3.44040507
-1.959555195,2.871618199
1.352037694,0.810251974
2.107681423,0.401035051
2.16650531,1.169841099
2.868592303,0.791944515
1.450980482,4.347562948
0.42396178,4.288319199
0.175352054,3.860196857
2.668599508,1.230840931
1.637211832,1.218769132
0.479589391,5.324823402
0.728372331,4.912076184
0.995333771,4.560146089
-1.435445148,3.256298073
-0.031933235,4.034060011
1.79279781,1.034872158
-0.081257929,5.006470047
1.977515371,1.223314689
1.525981573,0.643160741
-1.289390512,3.120838521
-2.126856245,1.583851587
1.083890312,3.800604567
-1.196095848,2.471862996
-1.052980636,2.967205443
0.838053656,4.173998837
1.801749205,-0.107727474
1.344315704,0.429658911
2.860497011,1.17976898
1.288885804,3.5027585
-1.033689455,2.895103561
-1.651406262,2.783562081
-1.377736471,3.030274591
2.251454685,0.570420407
2.606408804,0.549127124
1.400168869,1.437228984
1.236802517,4.015893343
1.447504138,4.169989954
-2.176601745,3.230559976
1.243370664,4.462729876
1.824320614,0.584418548
0.731407567,4.164138993
0.319845241,5.011224395
-0.702279892,3.450448582
0.252981134,3.512444507
2.051057346,4.258665403
2.468330376,0.868785381
2.361942104,1.819513648
-1.464316707,2.954458618
2.828603441,1.004866667
0.830351397,3.923041222
-2.074516791,3.03569269
0.987198758,4.325056864
-2.119513087,3.618271084
1.847651824,0.560831574
-1.30894292,2.473956063
1.468088176,4.26097985
2.336274074,0.393708758
-1.521248882,2.455151005
1.479964704,2.174888369
-1.695557232,2.974896576
-1.379035294,3.483140929
-1.551672064,3.036581686
2.477261978,1.069151929
-0.823052099,3.006325892
-1.946612692,3.749592835
-1.873558461,2.787625781
-1.797292226,2.856045492
1.870885753,0.582550786
1.998023999,1.023478784
-1.29756395,3.514286584
-1.601296436,2.739794477
1.537869879,0.509089905
1.456616778,4.968318751
1.08906091,4.998359985
-2.541596975,3.416870221
-0.985667736,1.941926847
-2.39542879,2.322654395
-0.466422811,2.501736958
-2.011943714,3.540570536
0.576313267,4.193749438
0.264872624,5.264949705
-1.694673918,2.614076169
1.039726125,4.504782009
1.771383901,0.602083825
-1.408157717,2.651504678
0.367300823,4.151305509
-0.932828905,3.163640764
2.260258699,1.097983843
-1.088612541,2.90376262
1.032639049,4.632421173
-1.204482615,3.120218187
1.968121454,0.31976742
2.313521244,1.102311158
0.813802599,3.948134148
-1.161694847,3.165328656
-1.009851324,2.771652449
-1.267269419,2.581590712
2.379872785,0.624062288
1.956988899,0.610169741
2.346951525,1.360966044
0.898258133,4.828333921
2.494229606,1.449550661
2.087215617,0.09400358
-1.610709053,2.121774319
1.778446326,1.06579067
1.357847425,1.295438436
1.116232378,4.254712133
-1.391698734,3.182481884
-1.868099091,2.474650899
0.209809552,3.447802245
1.449009649,0.857364402
1.225633558,3.934821437
1.952787246,0.810660241
-1.454935396,2.444020102
1.291451547,1.362034622
-0.638227125,2.971905548
0.684223305,4.471340138
1.072702056,3.725278687
-1.646696546,3.627996668
-2.206482956,2.641135675
0.823293791,4.084550098
0.072198115,4.509454449
2.464687208,0.967911614
1.972970155,1.104970419
-2.044887346,2.620804281
-1.593822734,2.302106446
-1.158821274,2.422279487
1.779867809,1.293684409
0.589884137,4.744815627
1.32596032,3.773176184
-1.250013416,2.624141528
2.833772542,1.339677259
2.581987396,0.615959828
0.831767473,3.30446759
-0.948513512,2.661791556
1.373797048,0.501785402
1.305103333,0.48841159
-1.210563458,3.244813854
0.995329079,4.014328257
-1.547625354,3.605853051
0.532377205,3.313389093
-2.282236101,3.204590357
1.176712918,4.298958709
-1.99781175,2.566464963
1.845726525,1.096216778
2.22166663,1.404538934
-2.236496767,3.069608228
1.817679969,1.534140534
-1.735290059,3.009283372
1.361688559,4.425371435
-1.386584331,3.064722607
1.283309764,4.764890663
-0.431086945,2.937646882
0.775621176,4.14545968
-1.29734604,2.711709537
-2.157072123,3.157188717
-0.899601559,2.92409081
-2.393834503,2.097581659
1.138704886,4.802346318
1.101769137,4.83116629
-1.291881823,2.790719156
-1.759984813,2.634249692
